"","taxon.name"
"1","67c0346594b7942cf9cb5c4389fe82d4"
"2","cbfbdaa5606d843be1bc1b58297a14d8"
"3","54aebbdeef2db5fe22baa2e5369867e4"
"4","486b35eb4b97756ecb01bfbe78df7dcb"
"5","b462dddc192c7e89e81b6d32bc5bc27d"
"6","6de3ff1d7a79951982aaa324cd187fd9"
"7","03d2215b2efa460596cf9cec58880bd7"
"8","cdd1f991bd8999506e235a8e382c1362"
"9","0a96cb78cd9aefe56e3a92f1789ed187"
"10","2298e66d66d0fa2a43189f2c38c9f68d"
"11","39baffe11e688f29d66fece15a406e60"
"12","a5269bf07df022acf7faa91ef823bab6"
"13","632fdead5ed88525bbdb47cee4248c3b"
"14","ef3b13d085792bec34330d3f3b1a9259"
"15","3b49efd85ffbcb6d53daec4f471c684b"
"16","7d83b37b311c713513ce05b03f1dd7fe"
"17","265f0ef192b28cba4f200de14be8ac9c"
"18","695adc4ab7b4bb36e3458590e0eeea6a"
"19","038fbf9045881536ea0a385ba77e2b89"
"20","f499c6bf01cd32ff05a35a1088d4cebe"
"21","d31d8d01064a8602898b258ca7644f40"
"22","050b4bac69897377b343771b41c8d813"
"23","60ae20883999d6cfee1bdc633bc1f746"
"24","85da6523fa58a27a6b2a30bfc1e1ed63"
"25","2dd7133e81d2f78aedb0022cf7f705db"
"26","68bd6b0da33c3b2c9d458099f3f1cdc8"
"27","7f15968746a4342bdfba9db59a107013"
"28","d5df79e90f8f402a66e74da0a6c47a11"
"29","721f0b0a3a0d92d0b49d70e7e1c3189b"
"30","a9a516691d10b9beb2649fa7d5782c36"
"31","2cd465b2e1912842aaa424ae4ac8b62f"
"32","8c062727e90b6f76ea2a55af24160ff0"
"33","dffb20cb837e7cf7be6c11a7c86f9958"
"34","8370a32dae626db16572b5baa563a0a3"
"35","25620c2ed875488c59c7438ee6f27498"
"36","adc7c0a14da64a9eff44420bebb844ad"
"37","10d10587dea5ec8fa63b854752038613"
"38","f9a85dbbb4029756651e2c95ea3a331b"
"39","e1742725c1a8f9dcb5dd3282ecf5e350"
"40","eb12beeb76e5c2e72044f9c9ccc34517"
"41","4c452260c0255c8aac23ff3827dcdba1"
"42","179d574f0250b6a00ee2b67e1aae27d8"
"43","920d0b35d4c80ecb6bbe3577eede10a3"
"44","153f356ece574810a44e02fb4be384fe"
"45","7bc6ed7b4d31e62e7c52a7b625411c9d"
"46","12c3d12089a24e4795477be7d03b6ffb"
"47","0461ef7f31f7f56766e1bf29b2c47e95"
"48","96657fbdd5cec6a77b997ed18bd3de5c"
"49","9ba3bcd7c4d60f1a9dac8f31660b6894"
"50","d0dbf5141dd57fdb7edf7d40ad614d1e"
"51","0ea0a1419a5684fac7060a5c70a4f94c"
"52","b92ff55cfea966b7565cff45708d9276"
"53","1ea27d2abf591dd9a2546cdcc6c62bb0"
"54","d400486fe5279d3daa6f363978d69cbb"
"55","22abae990fd607503141d77e7722860a"
"56","c9372c83053dd46e2043aa37863b1527"
"57","e75e945a161da5e1c89e449ae95b7988"
"58","572628f0ad88fbcf03133856f01f4746"
"59","00267ff0179eda3120ff61ae72c85c53"
"60","66e1f24c83806ea6ec061c6b40e0b8e4"
"61","53e92a09cc0bed4b1de0933569f06552"
"62","548e67b3b6e50d52b565008521217a86"
"63","a2f977500a6b280068e81e66410b66d0"
"64","e1d04a43e4f96d4136707deb17b19b76"
"65","1c1f5ab4ee97071b9c68fbe424486998"
"66","7cbd1b00383a66b179cd6849ddabd0d2"
"67","7882373a5d05dc5e598e32bd9b620461"
"68","5f55e219a4a8332595e3196f724a14e4"
"69","e75ceab0dea79dd73f76041a764688c1"
"70","fe7b5b769375b837bb6d4bfa6dee234f"
"71","607a96b08ef7fb015fe8879aea00ead5"
"72","90c7bf3870d4e762c5015d1c10eacb62"
"73","3bc75c659df7d601f9edc778d63bd9a4"
"74","a1715c28607159223762bb1505cac746"
"75","85c1fe338c0c13e009b479b47bdca888"
"76","4cdb9ca02bb831e3f925fb45feba7ef3"
"77","2e906e6f5a49c2b3439dc0ba4ea14562"
"78","da67bc17d1c83792858a1155b08ee728"
"79","a866f578b78d6febfa5d1e01d7814b46"
"80","63a8f6140d020492e23550d5fb00a15b"
"81","1c46bae0c27da573a9c24df8f1e59aa0"
"82","a180d3c184848f3ec76a5a605c5b0286"
"83","8adb7b8e9c02cb2f1e1c3ce955423bae"
"84","1c800393dfb47407991eeb2acca9851b"
"85","810ab999524a39e9f81a81040dac5611"
"86","6769e458b6a9e85f6278422af7c78e90"
"87","a24b35d8e50e9aadd1165912387e35e0"
"88","80bd5fe04ffbf7153459d4a26cf4937b"
"89","7158f9d233b0ff3ec72fccdcda25b7ed"
"90","e7469501dbea69b4e3b8f606f69d0687"
"91","e4a79414e626958e1895b225a3ded5dd"
"92","6f113a4196e34db50283de0b0e20f1a1"
"93","ab24a377abad9667f259e5e693865a80"
"94","eb46599f82a1b570d8fa3a14206ef6d1"
"95","50336b0a8639d4072586b0c6c4693b7b"
"96","91da05cf525bca19dfe83bec9e33672f"
"97","57f9a9cd5a25746e06b097cb415bd30a"
"98","4cfe761e593eace8e09bae05e0d14eab"
"99","fe7db88c8bdc607f1baa7e9f8b95eb02"
"100","663db762f832bb5f9e720cfffd619202"
"101","4210e07203222245b4106e89772be2db"
"102","f3359ce9e7aef3f063fdf61b398f4b80"
"103","65d34dbadeea25b4837478536cc32125"
"104","f3ead3fb6e1ab345863ddf0f4fd2fb80"
"105","e3c8a91690999b7f932dd94b0806d2c7"
"106","76ae305dc46ab36e674a8c4ebc0f4740"
"107","a89636ed7d8fec26497fa46745edb2d2"
"108","19860a46442f101c14f77dc77c297fbf"
"109","7fb1cd3f2ae34c74dd67cba50467d3bf"
"110","99d3e2836fc1b032fd0ab0ee411a31eb"
"111","93d599229f1b55f21eec84519bd4807f"
"112","c56d12a1a6c69c8fd5e83bc51aa7b741"
"113","3baaba7db5a27d273f1d880863532c07"
"114","d11705329a8f9cb71c982e9b3f1cceba"
"115","876d66eaac4928983ef279175f812716"
"116","d7880369466030fe35d5114aa706edc1"
"117","fa5372df3d9d2600eabe049a3cada52a"
"118","9509ad4beb5fb851b358a9af41220cb5"
"119","fb50d0f421d0cefc9b91122508abe467"
"120","f879ae07ff4976514caa80f2692a74ea"
"121","c8caa1d3ee01530bfd1e4c3a12d3b106"
"122","ca83884d3833ab070a53baaf51c66344"
"123","13e39e01183f1ac6424b569c3f3f2c49"
"124","ccc1ba34e38c2833246fde9b1f7f9230"
"125","4c66091786d6f3921a741aeaa2f50c9a"
"126","829d680da9ec57769f6361669e588db9"
"127","19633eaf0d45248915f6fd7a07fbc102"
"128","046982607b850ce1861f2b29293f281b"
"129","cd63a624c250ff8bbc716207d9b5d351"
"130","4e5ff310075a50266f9d480989d68398"
"131","dde7ba7b0d7802a7c44ccd08866a1b82"
"132","0fdc35769b2ba30b50ad58aece701229"
"133","e570b6e53e1b84a6aa9600dc548d6106"
"134","62ba703b10c435b9995d54d3dec06552"
"135","4487a0e534ac90329334a2155dad64ea"
"136","0b79f862f93b1c43708918cb0aca2210"
"137","d6c6048d165a11a47c4c89fef20660a0"
"138","b69cfb9d1181e63ed3775a600a24fa95"
"139","d8d361c36b51a4440cc741fd7616201f"
"140","52416d42180faf2bbd3e6c0987df67f0"
"141","85e8608c54becbbfe712c23f23416878"
"142","4247e5890c9ea9cf7082a9df80945fb6"
"143","82f2416c81b24af84c574de3d0853a03"
"144","9100c673ddb0128f63023d0c6d423792"
"145","1e1290398ce6d2cfdf6f4da4990d348c"
"146","868e0165fe32a8925b7f20afa5e1dbfc"
"147","fc7c188041a7aa2c0450e33e3adf16d0"
"148","6bb46164d36b836ee1bc82bae8164016"
"149","560b39631e26df9b53fb50240e545678"
"150","fca8a3a187503ab6dad6a35eac0cdb70"
"151","5202afe13c90db0c98481dfac041079a"
"152","3f4dfbfa8578166b0ece8323ee454f1d"
"153","e6f70e891c90612b3336d96baff1968c"
"154","92d9970893dd1ef1b2cfadb8609cecbb"
"155","4efd665bb1396ec3855158db4eefef12"
"156","9bd304ab88e7b49a540de72e47d73169"
"157","0d04bb2b93d4db4947900951f7d1742a"
"158","d4203fbdb8a8bc6e83ce9610921891e5"
"159","1dd61e9e3a216879b157f7a0032406f2"
"160","86480e7563e6a04551c4a03231b7a3df"
"161","093bf248432865ee07353a1f5a3167d8"
"162","e5dec3f18383396adb9aa97f3c3e04e3"
"163","d896b6918233141612a47df4aa9444a0"
"164","4c64fd405cce821a791bd9eaa63c5f2d"
"165","23ec030a87d404274141390e941bab79"
"166","fbd71ae228e990da7552b22944765b4c"
"167","8973d3ddd3c6ba7546163a2ad536653c"
"168","a0b3f69193d034f1dc1a05d9ee0967bc"
"169","8ff59f05e1c29b1165ff6c9ca2ba7be0"
"170","95046fde7267d31c578163b3eb7db721"
"171","14222dcb2804ad232cfa74b96e775ba2"
"172","3bb8d3135136efe1b75841404b119af4"
"173","e61bca99b8fb0347a70ee2adb2afea31"
"174","3bf413685c9c314e4480d51da18e5203"
"175","540a75efa992496d38937c7ef3c4e5cc"
"176","0f4a1ac71078aba74e2b157af8244d17"
"177","ee46d1246591673c873c9c5702b3351c"
"178","ed75031b6548d8341207daf4b9df735a"
"179","69f347b54ebce9cec8f5de91eeeac574"
"180","792ddb9a059c70713e85cabed296d980"
"181","00b953408d656b6be48c3825224c8435"
"182","98c0a8520369bb7a7f46ffd87ced6744"
"183","d4c0d29bf7cd9ba6efc312144b6096af"
"184","2bd7a7f52e962ce6fc44a48485106312"
"185","7feda322e06310345f716e596c0034bc"
"186","9136acb58e936a9f903f01946760602e"
"187","6e73f691d0eb7bd4e38c0ef06cbf9077"
"188","643ef46151d1b510f89c7e35adb0ed89"
"189","442c03c58ddc0fc33662d530d4e23cd2"
"190","9c8c997f9263d0faecaacf48f90b20cb"
"191","c9b18e356d715515a6ca3ce707a52ddb"
"192","520f9233b86e34247eac51392241b395"
"193","c12ad43d7ad4a317af368a5a38407969"
"194","cda2a811fc4bd4d4b507df60117743ea"
"195","b9ed8fdd4728f534b40088fd4988f5da"
"196","951f1aeb23177b7c4f73cdcbb1664d85"
"197","728f307023da19c06ffaab3f30e7247d"
"198","1fa7aac53645052a38722e893b9229c7"
"199","92f6cfa03bd46b05f58a07000f2bcb71"
"200","850ca231080868a51a8d3d8391175de7"
"201","57371e5644fa2cc11934909026c8e908"
"202","2fdc54c68cae0266ac295801099cb1e8"
"203","f895416c939bfae4824f7385d223fb09"
